<?xml version="1.0" encoding="UTF-8"?>
<project-private xmlns="http://www.netbeans.org/ns/project-private/1">
    <editor-bookmarks xmlns="http://www.netbeans.org/ns/editor-bookmarks/2" lastBookmarkId="0"/>
    <open-files xmlns="http://www.netbeans.org/ns/projectui-open-files/2">
        <group>
            <file>file:/D:/2024-2/Estructura%20presencial/Academia/src/academia/Archivos.java</file>
            <file>file:/D:/2024-2/Estructura%20presencial/Academia/src/academia/Matriz.java</file>
            <file>file:/D:/2024-2/Estructura%20presencial/Academia/src/academia/ManejoListas.java</file>
            <file>file:/D:/2024-2/Estructura%20presencial/Academia/src/academia/ListaSimple.java</file>
            <file>file:/D:/2024-2/Estructura%20presencial/Academia/src/academia/Cursos.java</file>
            <file>file:/D:/2024-2/Estructura%20presencial/Academia/src/academia/ListaDoble.java</file>
            <file>file:/D:/2024-2/Estructura%20presencial/Academia/src/academia/ManejoMatriz.java</file>
            <file>file:/D:/2024-2/Estructura%20presencial/Academia/src/academia/CRUDCursos.java</file>
            <file>file:/D:/2024-2/Estructura%20presencial/Academia/src/academia/Nodo.java</file>
            <file>file:/D:/2024-2/Estructura%20presencial/Academia/src/academia/Academia.java</file>
            <file>file:/D:/2024-2/Estructura%20presencial/Academia/src/academia/Validaciones.java</file>
        </group>
    </open-files>
</project-private>
